Karoo GP by Kai Staats,Generation:,1

TREE_ID,2,,,,,,,,,,,,,,
tree_type,f,,,,,,,,,,,,,,
tree_depth_base,3,,,,,,,,,,,,,,
NODE_ID,1,2,3,4,5,6,7,8,9,10,11,12,13,14,15
node_depth,0,1,1,2,2,2,2,3,3,3,3,3,3,3,3
node_type,root,func,func,func,func,func,func,term,term,term,term,term,term,term,term
node_label,-,/,/,*,+,-,-,sl,pw,pw,pl,sw,pw,sl,sw
node_parent,,1,1,2,2,3,3,4,4,5,5,6,6,7,7
node_arity,2,2,2,2,2,2,2,0,0,0,0,0,0,0,0
node_c1,2,4,6,8,10,12,14,,,,,,,,
node_c2,3,5,7,9,11,13,15,,,,,,,,
node_c3,,,,,,,,,,,,,,,
fitness,,,,,,,,,,,,,,,

TREE_ID,3,,,,,,,,,,,,,,
tree_type,f,,,,,,,,,,,,,,
tree_depth_base,3,,,,,,,,,,,,,,
NODE_ID,1,2,3,4,5,6,7,8,9,10,11,12,13,14,15
node_depth,0,1,1,2,2,2,2,3,3,3,3,3,3,3,3
node_type,root,func,func,func,func,func,func,term,term,term,term,term,term,term,term
node_label,*,+,-,+,+,*,-,sw,sw,sl,sw,pw,sw,pl,pw
node_parent,,1,1,2,2,3,3,4,4,5,5,6,6,7,7
node_arity,2,2,2,2,2,2,2,0,0,0,0,0,0,0,0
node_c1,2,4,6,8,10,12,14,,,,,,,,
node_c2,3,5,7,9,11,13,15,,,,,,,,
node_c3,,,,,,,,,,,,,,,
fitness,,,,,,,,,,,,,,,

TREE_ID,4,,,,,,,,,,,,,,
tree_type,f,,,,,,,,,,,,,,
tree_depth_base,3,,,,,,,,,,,,,,
NODE_ID,1,2,3,4,5,6,7,8,9,10,11,12,13,14,15
node_depth,0,1,1,2,2,2,2,3,3,3,3,3,3,3,3
node_type,root,func,func,func,func,func,func,term,term,term,term,term,term,term,term
node_label,/,/,*,-,*,/,*,pw,sl,pl,sl,sl,sw,pw,pl
node_parent,,1,1,2,2,3,3,4,4,5,5,6,6,7,7
node_arity,2,2,2,2,2,2,2,0,0,0,0,0,0,0,0
node_c1,2,4,6,8,10,12,14,,,,,,,,
node_c2,3,5,7,9,11,13,15,,,,,,,,
node_c3,,,,,,,,,,,,,,,
fitness,,,,,,,,,,,,,,,

TREE_ID,5,,,,,,,,,,,,,,
tree_type,f,,,,,,,,,,,,,,
tree_depth_base,3,,,,,,,,,,,,,,
NODE_ID,1,2,3,4,5,6,7,8,9,10,11,12,13,14,15
node_depth,0,1,1,2,2,2,2,3,3,3,3,3,3,3,3
node_type,root,func,func,func,func,func,func,term,term,term,term,term,term,term,term
node_label,/,-,+,*,-,/,-,sw,pl,sl,pl,sl,sl,sw,pl
node_parent,,1,1,2,2,3,3,4,4,5,5,6,6,7,7
node_arity,2,2,2,2,2,2,2,0,0,0,0,0,0,0,0
node_c1,2,4,6,8,10,12,14,,,,,,,,
node_c2,3,5,7,9,11,13,15,,,,,,,,
node_c3,,,,,,,,,,,,,,,
fitness,,,,,,,,,,,,,,,

TREE_ID,6,,,,,,,,,,,,,,
tree_type,f,,,,,,,,,,,,,,
tree_depth_base,3,,,,,,,,,,,,,,
NODE_ID,1,2,3,4,5,6,7,8,9,10,11,12,13,14,15
node_depth,0,1,1,2,2,2,2,3,3,3,3,3,3,3,3
node_type,root,func,func,func,func,func,func,term,term,term,term,term,term,term,term
node_label,-,/,/,-,+,-,-,sw,sw,sw,pl,pw,pw,sl,sl
node_parent,,1,1,2,2,3,3,4,4,5,5,6,6,7,7
node_arity,2,2,2,2,2,2,2,0,0,0,0,0,0,0,0
node_c1,2,4,6,8,10,12,14,,,,,,,,
node_c2,3,5,7,9,11,13,15,,,,,,,,
node_c3,,,,,,,,,,,,,,,
fitness,,,,,,,,,,,,,,,

TREE_ID,7,,,,,,,,,,,,,,
tree_type,f,,,,,,,,,,,,,,
tree_depth_base,3,,,,,,,,,,,,,,
NODE_ID,1,2,3,4,5,6,7,8,9,10,11,12,13,14,15
node_depth,0,1,1,2,2,2,2,3,3,3,3,3,3,3,3
node_type,root,func,func,func,func,func,func,term,term,term,term,term,term,term,term
node_label,+,-,+,/,*,/,-,sl,sl,sl,sw,pw,pw,pl,sw
node_parent,,1,1,2,2,3,3,4,4,5,5,6,6,7,7
node_arity,2,2,2,2,2,2,2,0,0,0,0,0,0,0,0
node_c1,2,4,6,8,10,12,14,,,,,,,,
node_c2,3,5,7,9,11,13,15,,,,,,,,
node_c3,,,,,,,,,,,,,,,
fitness,,,,,,,,,,,,,,,

TREE_ID,8,,,,,,,,,,,,,,
tree_type,f,,,,,,,,,,,,,,
tree_depth_base,3,,,,,,,,,,,,,,
NODE_ID,1,2,3,4,5,6,7,8,9,10,11,12,13,14,15
node_depth,0,1,1,2,2,2,2,3,3,3,3,3,3,3,3
node_type,root,func,func,func,func,func,func,term,term,term,term,term,term,term,term
node_label,+,-,+,+,/,*,*,sw,pl,pl,pw,sl,pl,pw,sw
node_parent,,1,1,2,2,3,3,4,4,5,5,6,6,7,7
node_arity,2,2,2,2,2,2,2,0,0,0,0,0,0,0,0
node_c1,2,4,6,8,10,12,14,,,,,,,,
node_c2,3,5,7,9,11,13,15,,,,,,,,
node_c3,,,,,,,,,,,,,,,
fitness,,,,,,,,,,,,,,,

TREE_ID,9,,,,,,,,,,,,,,
tree_type,f,,,,,,,,,,,,,,
tree_depth_base,3,,,,,,,,,,,,,,
NODE_ID,1,2,3,4,5,6,7,8,9,10,11,12,13,14,15
node_depth,0,1,1,2,2,2,2,3,3,3,3,3,3,3,3
node_type,root,func,func,func,func,func,func,term,term,term,term,term,term,term,term
node_label,-,-,*,*,/,+,/,pl,sl,pw,pl,pl,sl,pl,sl
node_parent,,1,1,2,2,3,3,4,4,5,5,6,6,7,7
node_arity,2,2,2,2,2,2,2,0,0,0,0,0,0,0,0
node_c1,2,4,6,8,10,12,14,,,,,,,,
node_c2,3,5,7,9,11,13,15,,,,,,,,
node_c3,,,,,,,,,,,,,,,
fitness,,,,,,,,,,,,,,,

TREE_ID,10,,,,,,,,,,,,,,
tree_type,f,,,,,,,,,,,,,,
tree_depth_base,3,,,,,,,,,,,,,,
NODE_ID,1,2,3,4,5,6,7,8,9,10,11,12,13,14,15
node_depth,0,1,1,2,2,2,2,3,3,3,3,3,3,3,3
node_type,root,func,func,func,func,func,func,term,term,term,term,term,term,term,term
node_label,-,+,/,-,+,/,+,pw,sl,sl,sw,pw,sw,sl,pl
node_parent,,1,1,2,2,3,3,4,4,5,5,6,6,7,7
node_arity,2,2,2,2,2,2,2,0,0,0,0,0,0,0,0
node_c1,2,4,6,8,10,12,14,,,,,,,,
node_c2,3,5,7,9,11,13,15,,,,,,,,
node_c3,,,,,,,,,,,,,,,
fitness,,,,,,,,,,,,,,,

TREE_ID,11,,,,,,,,,,,,,,
tree_type,f,,,,,,,,,,,,,,
tree_depth_base,3,,,,,,,,,,,,,,
NODE_ID,1,2,3,4,5,6,7,8,9,10,11,12,13,14,15
node_depth,0,1,1,2,2,2,2,3,3,3,3,3,3,3,3
node_type,root,func,func,func,func,func,func,term,term,term,term,term,term,term,term
node_label,*,-,-,-,*,-,/,pw,sl,pw,sw,sw,sl,pl,pl
node_parent,,1,1,2,2,3,3,4,4,5,5,6,6,7,7
node_arity,2,2,2,2,2,2,2,0,0,0,0,0,0,0,0
node_c1,2,4,6,8,10,12,14,,,,,,,,
node_c2,3,5,7,9,11,13,15,,,,,,,,
node_c3,,,,,,,,,,,,,,,
fitness,,,,,,,,,,,,,,,

TREE_ID,12,,,,,,,,,,,,,,
tree_type,f,,,,,,,,,,,,,,
tree_depth_base,3,,,,,,,,,,,,,,
NODE_ID,1,2,3,4,5,6,7,8,9,10,11,12,13,14,15
node_depth,0,1,1,2,2,2,2,3,3,3,3,3,3,3,3
node_type,root,func,func,func,func,func,func,term,term,term,term,term,term,term,term
node_label,/,-,+,*,+,*,*,sw,sw,pw,sl,sl,sw,sw,pl
node_parent,,1,1,2,2,3,3,4,4,5,5,6,6,7,7
node_arity,2,2,2,2,2,2,2,0,0,0,0,0,0,0,0
node_c1,2,4,6,8,10,12,14,,,,,,,,
node_c2,3,5,7,9,11,13,15,,,,,,,,
node_c3,,,,,,,,,,,,,,,
fitness,,,,,,,,,,,,,,,

TREE_ID,13,,,,,,,,,,,,,,
tree_type,f,,,,,,,,,,,,,,
tree_depth_base,3,,,,,,,,,,,,,,
NODE_ID,1,2,3,4,5,6,7,8,9,10,11,12,13,14,15
node_depth,0,1,1,2,2,2,2,3,3,3,3,3,3,3,3
node_type,root,func,func,func,func,func,func,term,term,term,term,term,term,term,term
node_label,/,+,-,-,/,/,+,sw,pl,pw,sw,pl,pw,pw,pl
node_parent,,1,1,2,2,3,3,4,4,5,5,6,6,7,7
node_arity,2,2,2,2,2,2,2,0,0,0,0,0,0,0,0
node_c1,2,4,6,8,10,12,14,,,,,,,,
node_c2,3,5,7,9,11,13,15,,,,,,,,
node_c3,,,,,,,,,,,,,,,
fitness,,,,,,,,,,,,,,,

TREE_ID,14,,,,,,,,,,,,,,
tree_type,f,,,,,,,,,,,,,,
tree_depth_base,3,,,,,,,,,,,,,,
NODE_ID,1,2,3,4,5,6,7,8,9,10,11,12,13,14,15
node_depth,0,1,1,2,2,2,2,3,3,3,3,3,3,3,3
node_type,root,func,func,func,func,func,func,term,term,term,term,term,term,term,term
node_label,+,-,/,*,/,+,+,pl,sw,pl,sl,sw,pw,sw,pw
node_parent,,1,1,2,2,3,3,4,4,5,5,6,6,7,7
node_arity,2,2,2,2,2,2,2,0,0,0,0,0,0,0,0
node_c1,2,4,6,8,10,12,14,,,,,,,,
node_c2,3,5,7,9,11,13,15,,,,,,,,
node_c3,,,,,,,,,,,,,,,
fitness,,,,,,,,,,,,,,,

TREE_ID,15,,,,,,,,,,,,,,
tree_type,f,,,,,,,,,,,,,,
tree_depth_base,3,,,,,,,,,,,,,,
NODE_ID,1,2,3,4,5,6,7,8,9,10,11,12,13,14,15
node_depth,0,1,1,2,2,2,2,3,3,3,3,3,3,3,3
node_type,root,func,func,func,func,func,func,term,term,term,term,term,term,term,term
node_label,-,/,-,+,+,+,+,sw,sl,pl,sw,pw,sl,pw,sw
node_parent,,1,1,2,2,3,3,4,4,5,5,6,6,7,7
node_arity,2,2,2,2,2,2,2,0,0,0,0,0,0,0,0
node_c1,2,4,6,8,10,12,14,,,,,,,,
node_c2,3,5,7,9,11,13,15,,,,,,,,
node_c3,,,,,,,,,,,,,,,
fitness,,,,,,,,,,,,,,,

TREE_ID,16,,,,,,,,,,,,,,
tree_type,f,,,,,,,,,,,,,,
tree_depth_base,3,,,,,,,,,,,,,,
NODE_ID,1,2,3,4,5,6,7,8,9,10,11,12,13,14,15
node_depth,0,1,1,2,2,2,2,3,3,3,3,3,3,3,3
node_type,root,func,func,func,func,func,func,term,term,term,term,term,term,term,term
node_label,*,/,+,*,/,/,/,sw,sl,sl,pw,pl,sl,pl,sw
node_parent,,1,1,2,2,3,3,4,4,5,5,6,6,7,7
node_arity,2,2,2,2,2,2,2,0,0,0,0,0,0,0,0
node_c1,2,4,6,8,10,12,14,,,,,,,,
node_c2,3,5,7,9,11,13,15,,,,,,,,
node_c3,,,,,,,,,,,,,,,
fitness,,,,,,,,,,,,,,,

TREE_ID,17,,,,,,,,,,,,,,
tree_type,f,,,,,,,,,,,,,,
tree_depth_base,3,,,,,,,,,,,,,,
NODE_ID,1,2,3,4,5,6,7,8,9,10,11,12,13,14,15
node_depth,0,1,1,2,2,2,2,3,3,3,3,3,3,3,3
node_type,root,func,func,func,func,func,func,term,term,term,term,term,term,term,term
node_label,*,/,+,/,/,/,+,sw,pw,pw,sl,sw,sw,pl,sl
node_parent,,1,1,2,2,3,3,4,4,5,5,6,6,7,7
node_arity,2,2,2,2,2,2,2,0,0,0,0,0,0,0,0
node_c1,2,4,6,8,10,12,14,,,,,,,,
node_c2,3,5,7,9,11,13,15,,,,,,,,
node_c3,,,,,,,,,,,,,,,
fitness,,,,,,,,,,,,,,,

TREE_ID,18,,,,,,,,,,,,,,
tree_type,f,,,,,,,,,,,,,,
tree_depth_base,3,,,,,,,,,,,,,,
NODE_ID,1,2,3,4,5,6,7,8,9,10,11,12,13,14,15
node_depth,0,1,1,2,2,2,2,3,3,3,3,3,3,3,3
node_type,root,func,func,func,func,func,func,term,term,term,term,term,term,term,term
node_label,*,+,+,/,-,*,+,pw,pl,pl,sl,sw,pw,sl,sw
node_parent,,1,1,2,2,3,3,4,4,5,5,6,6,7,7
node_arity,2,2,2,2,2,2,2,0,0,0,0,0,0,0,0
node_c1,2,4,6,8,10,12,14,,,,,,,,
node_c2,3,5,7,9,11,13,15,,,,,,,,
node_c3,,,,,,,,,,,,,,,
fitness,,,,,,,,,,,,,,,

TREE_ID,19,,,,,,,,,,,,,,
tree_type,f,,,,,,,,,,,,,,
tree_depth_base,3,,,,,,,,,,,,,,
NODE_ID,1,2,3,4,5,6,7,8,9,10,11,12,13,14,15
node_depth,0,1,1,2,2,2,2,3,3,3,3,3,3,3,3
node_type,root,func,func,func,func,func,func,term,term,term,term,term,term,term,term
node_label,+,-,+,/,+,/,+,pl,sl,sl,pw,sw,pl,pw,sw
node_parent,,1,1,2,2,3,3,4,4,5,5,6,6,7,7
node_arity,2,2,2,2,2,2,2,0,0,0,0,0,0,0,0
node_c1,2,4,6,8,10,12,14,,,,,,,,
node_c2,3,5,7,9,11,13,15,,,,,,,,
node_c3,,,,,,,,,,,,,,,
fitness,,,,,,,,,,,,,,,

TREE_ID,20,,,,,,,,,,,,,,
tree_type,f,,,,,,,,,,,,,,
tree_depth_base,3,,,,,,,,,,,,,,
NODE_ID,1,2,3,4,5,6,7,8,9,10,11,12,13,14,15
node_depth,0,1,1,2,2,2,2,3,3,3,3,3,3,3,3
node_type,root,func,func,func,func,func,func,term,term,term,term,term,term,term,term
node_label,*,-,/,/,/,-,+,sw,sl,pw,pw,sl,pl,sw,pw
node_parent,,1,1,2,2,3,3,4,4,5,5,6,6,7,7
node_arity,2,2,2,2,2,2,2,0,0,0,0,0,0,0,0
node_c1,2,4,6,8,10,12,14,,,,,,,,
node_c2,3,5,7,9,11,13,15,,,,,,,,
node_c3,,,,,,,,,,,,,,,
fitness,,,,,,,,,,,,,,,

TREE_ID,21,,,,,,,,,,,,,,
tree_type,f,,,,,,,,,,,,,,
tree_depth_base,3,,,,,,,,,,,,,,
NODE_ID,1,2,3,4,5,6,7,8,9,10,11,12,13,14,15
node_depth,0,1,1,2,2,2,2,3,3,3,3,3,3,3,3
node_type,root,func,func,func,func,func,func,term,term,term,term,term,term,term,term
node_label,+,*,+,-,+,-,*,sw,sl,sw,pw,sl,sw,pw,sl
node_parent,,1,1,2,2,3,3,4,4,5,5,6,6,7,7
node_arity,2,2,2,2,2,2,2,0,0,0,0,0,0,0,0
node_c1,2,4,6,8,10,12,14,,,,,,,,
node_c2,3,5,7,9,11,13,15,,,,,,,,
node_c3,,,,,,,,,,,,,,,
fitness,,,,,,,,,,,,,,,

TREE_ID,22,,,,,,,,,,,,,,
tree_type,f,,,,,,,,,,,,,,
tree_depth_base,3,,,,,,,,,,,,,,
NODE_ID,1,2,3,4,5,6,7,8,9,10,11,12,13,14,15
node_depth,0,1,1,2,2,2,2,3,3,3,3,3,3,3,3
node_type,root,func,func,func,func,func,func,term,term,term,term,term,term,term,term
node_label,+,*,-,*,/,*,*,pw,pl,pw,sw,pl,pw,sl,pw
node_parent,,1,1,2,2,3,3,4,4,5,5,6,6,7,7
node_arity,2,2,2,2,2,2,2,0,0,0,0,0,0,0,0
node_c1,2,4,6,8,10,12,14,,,,,,,,
node_c2,3,5,7,9,11,13,15,,,,,,,,
node_c3,,,,,,,,,,,,,,,
fitness,,,,,,,,,,,,,,,

TREE_ID,23,,,,,,,,,,,,,,
tree_type,f,,,,,,,,,,,,,,
tree_depth_base,3,,,,,,,,,,,,,,
NODE_ID,1,2,3,4,5,6,7,8,9,10,11,12,13,14,15
node_depth,0,1,1,2,2,2,2,3,3,3,3,3,3,3,3
node_type,root,func,func,func,func,func,func,term,term,term,term,term,term,term,term
node_label,/,*,+,/,-,-,*,sl,sw,pl,sl,sl,pl,sw,sw
node_parent,,1,1,2,2,3,3,4,4,5,5,6,6,7,7
node_arity,2,2,2,2,2,2,2,0,0,0,0,0,0,0,0
node_c1,2,4,6,8,10,12,14,,,,,,,,
node_c2,3,5,7,9,11,13,15,,,,,,,,
node_c3,,,,,,,,,,,,,,,
fitness,,,,,,,,,,,,,,,

TREE_ID,24,,,,,,,,,,,,,,
tree_type,f,,,,,,,,,,,,,,
tree_depth_base,3,,,,,,,,,,,,,,
NODE_ID,1,2,3,4,5,6,7,8,9,10,11,12,13,14,15
node_depth,0,1,1,2,2,2,2,3,3,3,3,3,3,3,3
node_type,root,func,func,func,func,func,func,term,term,term,term,term,term,term,term
node_label,*,/,-,*,*,-,*,pl,pw,sl,pl,pl,sw,pl,pl
node_parent,,1,1,2,2,3,3,4,4,5,5,6,6,7,7
node_arity,2,2,2,2,2,2,2,0,0,0,0,0,0,0,0
node_c1,2,4,6,8,10,12,14,,,,,,,,
node_c2,3,5,7,9,11,13,15,,,,,,,,
node_c3,,,,,,,,,,,,,,,
fitness,,,,,,,,,,,,,,,

TREE_ID,25,,,,,,,,,,,,,,
tree_type,f,,,,,,,,,,,,,,
tree_depth_base,3,,,,,,,,,,,,,,
NODE_ID,1,2,3,4,5,6,7,8,9,10,11,12,13,14,15
node_depth,0,1,1,2,2,2,2,3,3,3,3,3,3,3,3
node_type,root,func,func,func,func,func,func,term,term,term,term,term,term,term,term
node_label,-,-,/,+,-,+,+,sw,pl,pw,sw,pw,pl,sw,pw
node_parent,,1,1,2,2,3,3,4,4,5,5,6,6,7,7
node_arity,2,2,2,2,2,2,2,0,0,0,0,0,0,0,0
node_c1,2,4,6,8,10,12,14,,,,,,,,
node_c2,3,5,7,9,11,13,15,,,,,,,,
node_c3,,,,,,,,,,,,,,,
fitness,,,,,,,,,,,,,,,

TREE_ID,26,,,,,,,,,,,,,,
tree_type,f,,,,,,,,,,,,,,
tree_depth_base,3,,,,,,,,,,,,,,
NODE_ID,1,2,3,4,5,6,7,8,9,10,11,12,13,14,15
node_depth,0,1,1,2,2,2,2,3,3,3,3,3,3,3,3
node_type,root,func,func,func,func,func,func,term,term,term,term,term,term,term,term
node_label,*,-,*,*,-,*,/,sl,sw,sl,pw,pl,sw,pl,sl
node_parent,,1,1,2,2,3,3,4,4,5,5,6,6,7,7
node_arity,2,2,2,2,2,2,2,0,0,0,0,0,0,0,0
node_c1,2,4,6,8,10,12,14,,,,,,,,
node_c2,3,5,7,9,11,13,15,,,,,,,,
node_c3,,,,,,,,,,,,,,,
fitness,,,,,,,,,,,,,,,

TREE_ID,27,,,,,,,,,,,,,,
tree_type,f,,,,,,,,,,,,,,
tree_depth_base,3,,,,,,,,,,,,,,
NODE_ID,1,2,3,4,5,6,7,8,9,10,11,12,13,14,15
node_depth,0,1,1,2,2,2,2,3,3,3,3,3,3,3,3
node_type,root,func,func,func,func,func,func,term,term,term,term,term,term,term,term
node_label,/,/,/,/,-,/,/,sl,pl,sl,sl,pw,sw,pw,sl
node_parent,,1,1,2,2,3,3,4,4,5,5,6,6,7,7
node_arity,2,2,2,2,2,2,2,0,0,0,0,0,0,0,0
node_c1,2,4,6,8,10,12,14,,,,,,,,
node_c2,3,5,7,9,11,13,15,,,,,,,,
node_c3,,,,,,,,,,,,,,,
fitness,,,,,,,,,,,,,,,

TREE_ID,28,,,,,,,,,,,,,,
tree_type,f,,,,,,,,,,,,,,
tree_depth_base,3,,,,,,,,,,,,,,
NODE_ID,1,2,3,4,5,6,7,8,9,10,11,12,13,14,15
node_depth,0,1,1,2,2,2,2,3,3,3,3,3,3,3,3
node_type,root,func,func,func,func,func,func,term,term,term,term,term,term,term,term
node_label,-,-,+,-,*,+,+,sw,sw,sl,sl,pl,sl,pw,sw
node_parent,,1,1,2,2,3,3,4,4,5,5,6,6,7,7
node_arity,2,2,2,2,2,2,2,0,0,0,0,0,0,0,0
node_c1,2,4,6,8,10,12,14,,,,,,,,
node_c2,3,5,7,9,11,13,15,,,,,,,,
node_c3,,,,,,,,,,,,,,,
fitness,,,,,,,,,,,,,,,

TREE_ID,29,,,,,,,,,,,,,,
tree_type,f,,,,,,,,,,,,,,
tree_depth_base,3,,,,,,,,,,,,,,
NODE_ID,1,2,3,4,5,6,7,8,9,10,11,12,13,14,15
node_depth,0,1,1,2,2,2,2,3,3,3,3,3,3,3,3
node_type,root,func,func,func,func,func,func,term,term,term,term,term,term,term,term
node_label,-,-,/,/,+,-,+,pl,sw,sw,sl,sw,sl,sl,pw
node_parent,,1,1,2,2,3,3,4,4,5,5,6,6,7,7
node_arity,2,2,2,2,2,2,2,0,0,0,0,0,0,0,0
node_c1,2,4,6,8,10,12,14,,,,,,,,
node_c2,3,5,7,9,11,13,15,,,,,,,,
node_c3,,,,,,,,,,,,,,,
fitness,,,,,,,,,,,,,,,

TREE_ID,30,,,,,,,,,,,,,,
tree_type,f,,,,,,,,,,,,,,
tree_depth_base,3,,,,,,,,,,,,,,
NODE_ID,1,2,3,4,5,6,7,8,9,10,11,12,13,14,15
node_depth,0,1,1,2,2,2,2,3,3,3,3,3,3,3,3
node_type,root,func,func,func,func,func,func,term,term,term,term,term,term,term,term
node_label,-,-,/,*,+,*,-,sl,pl,sw,sw,pw,sw,pl,pw
node_parent,,1,1,2,2,3,3,4,4,5,5,6,6,7,7
node_arity,2,2,2,2,2,2,2,0,0,0,0,0,0,0,0
node_c1,2,4,6,8,10,12,14,,,,,,,,
node_c2,3,5,7,9,11,13,15,,,,,,,,
node_c3,,,,,,,,,,,,,,,
fitness,,,,,,,,,,,,,,,

TREE_ID,31,,,,,,,,,,,,,,
tree_type,f,,,,,,,,,,,,,,
tree_depth_base,3,,,,,,,,,,,,,,
NODE_ID,1,2,3,4,5,6,7,8,9,10,11,12,13,14,15
node_depth,0,1,1,2,2,2,2,3,3,3,3,3,3,3,3
node_type,root,func,func,func,func,func,func,term,term,term,term,term,term,term,term
node_label,/,*,-,*,*,/,/,sw,sl,sw,pl,pw,sl,pw,pw
node_parent,,1,1,2,2,3,3,4,4,5,5,6,6,7,7
node_arity,2,2,2,2,2,2,2,0,0,0,0,0,0,0,0
node_c1,2,4,6,8,10,12,14,,,,,,,,
node_c2,3,5,7,9,11,13,15,,,,,,,,
node_c3,,,,,,,,,,,,,,,
fitness,,,,,,,,,,,,,,,

TREE_ID,32,,,,,,,,,,,,,,
tree_type,f,,,,,,,,,,,,,,
tree_depth_base,3,,,,,,,,,,,,,,
NODE_ID,1,2,3,4,5,6,7,8,9,10,11,12,13,14,15
node_depth,0,1,1,2,2,2,2,3,3,3,3,3,3,3,3
node_type,root,func,func,func,func,func,func,term,term,term,term,term,term,term,term
node_label,/,+,+,+,*,+,-,pl,pl,pw,pl,sl,pl,sw,sl
node_parent,,1,1,2,2,3,3,4,4,5,5,6,6,7,7
node_arity,2,2,2,2,2,2,2,0,0,0,0,0,0,0,0
node_c1,2,4,6,8,10,12,14,,,,,,,,
node_c2,3,5,7,9,11,13,15,,,,,,,,
node_c3,,,,,,,,,,,,,,,
fitness,,,,,,,,,,,,,,,

TREE_ID,33,,,,,,,,,,,,,,
tree_type,f,,,,,,,,,,,,,,
tree_depth_base,3,,,,,,,,,,,,,,
NODE_ID,1,2,3,4,5,6,7,8,9,10,11,12,13,14,15
node_depth,0,1,1,2,2,2,2,3,3,3,3,3,3,3,3
node_type,root,func,func,func,func,func,func,term,term,term,term,term,term,term,term
node_label,/,+,/,+,*,*,-,pl,pl,pw,pl,sl,sw,pl,sl
node_parent,,1,1,2,2,3,3,4,4,5,5,6,6,7,7
node_arity,2,2,2,2,2,2,2,0,0,0,0,0,0,0,0
node_c1,2,4,6,8,10,12,14,,,,,,,,
node_c2,3,5,7,9,11,13,15,,,,,,,,
node_c3,,,,,,,,,,,,,,,
fitness,,,,,,,,,,,,,,,

TREE_ID,34,,,,,,,,,,,,,,
tree_type,f,,,,,,,,,,,,,,
tree_depth_base,3,,,,,,,,,,,,,,
NODE_ID,1,2,3,4,5,6,7,8,9,10,11,12,13,14,15
node_depth,0,1,1,2,2,2,2,3,3,3,3,3,3,3,3
node_type,root,func,func,func,func,func,func,term,term,term,term,term,term,term,term
node_label,+,/,*,*,*,/,-,sl,pw,sl,pw,sw,pw,sw,pl
node_parent,,1,1,2,2,3,3,4,4,5,5,6,6,7,7
node_arity,2,2,2,2,2,2,2,0,0,0,0,0,0,0,0
node_c1,2,4,6,8,10,12,14,,,,,,,,
node_c2,3,5,7,9,11,13,15,,,,,,,,
node_c3,,,,,,,,,,,,,,,
fitness,,,,,,,,,,,,,,,

TREE_ID,35,,,,,,,,,,,,,,
tree_type,f,,,,,,,,,,,,,,
tree_depth_base,3,,,,,,,,,,,,,,
NODE_ID,1,2,3,4,5,6,7,8,9,10,11,12,13,14,15
node_depth,0,1,1,2,2,2,2,3,3,3,3,3,3,3,3
node_type,root,func,func,func,func,func,func,term,term,term,term,term,term,term,term
node_label,/,-,/,/,/,*,+,sl,sw,sw,pl,pl,pl,sl,pw
node_parent,,1,1,2,2,3,3,4,4,5,5,6,6,7,7
node_arity,2,2,2,2,2,2,2,0,0,0,0,0,0,0,0
node_c1,2,4,6,8,10,12,14,,,,,,,,
node_c2,3,5,7,9,11,13,15,,,,,,,,
node_c3,,,,,,,,,,,,,,,
fitness,,,,,,,,,,,,,,,

TREE_ID,36,,,,,,,,,,,,,,
tree_type,f,,,,,,,,,,,,,,
tree_depth_base,3,,,,,,,,,,,,,,
NODE_ID,1,2,3,4,5,6,7,8,9,10,11,12,13,14,15
node_depth,0,1,1,2,2,2,2,3,3,3,3,3,3,3,3
node_type,root,func,func,func,func,func,func,term,term,term,term,term,term,term,term
node_label,+,-,+,*,*,+,*,pw,sl,pw,pw,sw,sw,sw,pw
node_parent,,1,1,2,2,3,3,4,4,5,5,6,6,7,7
node_arity,2,2,2,2,2,2,2,0,0,0,0,0,0,0,0
node_c1,2,4,6,8,10,12,14,,,,,,,,
node_c2,3,5,7,9,11,13,15,,,,,,,,
node_c3,,,,,,,,,,,,,,,
fitness,,,,,,,,,,,,,,,

TREE_ID,37,,,,,,,,,,,,,,
tree_type,f,,,,,,,,,,,,,,
tree_depth_base,3,,,,,,,,,,,,,,
NODE_ID,1,2,3,4,5,6,7,8,9,10,11,12,13,14,15
node_depth,0,1,1,2,2,2,2,3,3,3,3,3,3,3,3
node_type,root,func,func,func,func,func,func,term,term,term,term,term,term,term,term
node_label,-,+,*,*,+,+,+,pl,sw,pl,pw,pl,pl,sl,pw
node_parent,,1,1,2,2,3,3,4,4,5,5,6,6,7,7
node_arity,2,2,2,2,2,2,2,0,0,0,0,0,0,0,0
node_c1,2,4,6,8,10,12,14,,,,,,,,
node_c2,3,5,7,9,11,13,15,,,,,,,,
node_c3,,,,,,,,,,,,,,,
fitness,,,,,,,,,,,,,,,

TREE_ID,38,,,,,,,,,,,,,,
tree_type,f,,,,,,,,,,,,,,
tree_depth_base,3,,,,,,,,,,,,,,
NODE_ID,1,2,3,4,5,6,7,8,9,10,11,12,13,14,15
node_depth,0,1,1,2,2,2,2,3,3,3,3,3,3,3,3
node_type,root,func,func,func,func,func,func,term,term,term,term,term,term,term,term
node_label,+,+,/,+,+,-,-,sl,pl,sw,pw,sl,sw,sw,sl
node_parent,,1,1,2,2,3,3,4,4,5,5,6,6,7,7
node_arity,2,2,2,2,2,2,2,0,0,0,0,0,0,0,0
node_c1,2,4,6,8,10,12,14,,,,,,,,
node_c2,3,5,7,9,11,13,15,,,,,,,,
node_c3,,,,,,,,,,,,,,,
fitness,,,,,,,,,,,,,,,

TREE_ID,39,,,,,,,,,,,,,,
tree_type,f,,,,,,,,,,,,,,
tree_depth_base,3,,,,,,,,,,,,,,
NODE_ID,1,2,3,4,5,6,7,8,9,10,11,12,13,14,15
node_depth,0,1,1,2,2,2,2,3,3,3,3,3,3,3,3
node_type,root,func,func,func,func,func,func,term,term,term,term,term,term,term,term
node_label,*,+,/,-,/,-,+,sl,sl,sw,sw,pw,pl,pw,sl
node_parent,,1,1,2,2,3,3,4,4,5,5,6,6,7,7
node_arity,2,2,2,2,2,2,2,0,0,0,0,0,0,0,0
node_c1,2,4,6,8,10,12,14,,,,,,,,
node_c2,3,5,7,9,11,13,15,,,,,,,,
node_c3,,,,,,,,,,,,,,,
fitness,,,,,,,,,,,,,,,

TREE_ID,40,,,,,,,,,,,,,,
tree_type,f,,,,,,,,,,,,,,
tree_depth_base,3,,,,,,,,,,,,,,
NODE_ID,1,2,3,4,5,6,7,8,9,10,11,12,13,14,15
node_depth,0,1,1,2,2,2,2,3,3,3,3,3,3,3,3
node_type,root,func,func,func,func,func,func,term,term,term,term,term,term,term,term
node_label,/,/,*,*,*,*,*,sl,sl,sw,sw,sl,pw,sw,sw
node_parent,,1,1,2,2,3,3,4,4,5,5,6,6,7,7
node_arity,2,2,2,2,2,2,2,0,0,0,0,0,0,0,0
node_c1,2,4,6,8,10,12,14,,,,,,,,
node_c2,3,5,7,9,11,13,15,,,,,,,,
node_c3,,,,,,,,,,,,,,,
fitness,,,,,,,,,,,,,,,

TREE_ID,41,,,,,,,,,,,,,,
tree_type,f,,,,,,,,,,,,,,
tree_depth_base,3,,,,,,,,,,,,,,
NODE_ID,1,2,3,4,5,6,7,8,9,10,11,12,13,14,15
node_depth,0,1,1,2,2,2,2,3,3,3,3,3,3,3,3
node_type,root,func,func,func,func,func,func,term,term,term,term,term,term,term,term
node_label,+,+,-,-,-,/,-,sw,pl,pw,sl,sl,sl,pl,pw
node_parent,,1,1,2,2,3,3,4,4,5,5,6,6,7,7
node_arity,2,2,2,2,2,2,2,0,0,0,0,0,0,0,0
node_c1,2,4,6,8,10,12,14,,,,,,,,
node_c2,3,5,7,9,11,13,15,,,,,,,,
node_c3,,,,,,,,,,,,,,,
fitness,,,,,,,,,,,,,,,

TREE_ID,42,,,,,,,,,,,,,,
tree_type,f,,,,,,,,,,,,,,
tree_depth_base,3,,,,,,,,,,,,,,
NODE_ID,1,2,3,4,5,6,7,8,9,10,11,12,13,14,15
node_depth,0,1,1,2,2,2,2,3,3,3,3,3,3,3,3
node_type,root,func,func,func,func,func,func,term,term,term,term,term,term,term,term
node_label,-,+,-,-,+,/,-,pw,sw,pw,pw,pw,sw,pw,sl
node_parent,,1,1,2,2,3,3,4,4,5,5,6,6,7,7
node_arity,2,2,2,2,2,2,2,0,0,0,0,0,0,0,0
node_c1,2,4,6,8,10,12,14,,,,,,,,
node_c2,3,5,7,9,11,13,15,,,,,,,,
node_c3,,,,,,,,,,,,,,,
fitness,,,,,,,,,,,,,,,

TREE_ID,43,,,,,,,,,,,,,,
tree_type,f,,,,,,,,,,,,,,
tree_depth_base,3,,,,,,,,,,,,,,
NODE_ID,1,2,3,4,5,6,7,8,9,10,11,12,13,14,15
node_depth,0,1,1,2,2,2,2,3,3,3,3,3,3,3,3
node_type,root,func,func,func,func,func,func,term,term,term,term,term,term,term,term
node_label,/,/,-,-,/,*,+,sl,sl,sl,pl,pl,pw,sl,pw
node_parent,,1,1,2,2,3,3,4,4,5,5,6,6,7,7
node_arity,2,2,2,2,2,2,2,0,0,0,0,0,0,0,0
node_c1,2,4,6,8,10,12,14,,,,,,,,
node_c2,3,5,7,9,11,13,15,,,,,,,,
node_c3,,,,,,,,,,,,,,,
fitness,,,,,,,,,,,,,,,

TREE_ID,44,,,,,,,,,,,,,,
tree_type,f,,,,,,,,,,,,,,
tree_depth_base,3,,,,,,,,,,,,,,
NODE_ID,1,2,3,4,5,6,7,8,9,10,11,12,13,14,15
node_depth,0,1,1,2,2,2,2,3,3,3,3,3,3,3,3
node_type,root,func,func,func,func,func,func,term,term,term,term,term,term,term,term
node_label,-,/,*,+,+,/,-,sl,sw,pw,sw,pw,sl,pl,sw
node_parent,,1,1,2,2,3,3,4,4,5,5,6,6,7,7
node_arity,2,2,2,2,2,2,2,0,0,0,0,0,0,0,0
node_c1,2,4,6,8,10,12,14,,,,,,,,
node_c2,3,5,7,9,11,13,15,,,,,,,,
node_c3,,,,,,,,,,,,,,,
fitness,,,,,,,,,,,,,,,

TREE_ID,45,,,,,,,,,,,,,,
tree_type,f,,,,,,,,,,,,,,
tree_depth_base,3,,,,,,,,,,,,,,
NODE_ID,1,2,3,4,5,6,7,8,9,10,11,12,13,14,15
node_depth,0,1,1,2,2,2,2,3,3,3,3,3,3,3,3
node_type,root,func,func,func,func,func,func,term,term,term,term,term,term,term,term
node_label,*,+,*,*,-,-,-,sw,sw,pw,sl,pl,pw,pw,sl
node_parent,,1,1,2,2,3,3,4,4,5,5,6,6,7,7
node_arity,2,2,2,2,2,2,2,0,0,0,0,0,0,0,0
node_c1,2,4,6,8,10,12,14,,,,,,,,
node_c2,3,5,7,9,11,13,15,,,,,,,,
node_c3,,,,,,,,,,,,,,,
fitness,,,,,,,,,,,,,,,

TREE_ID,46,,,,,,,,,,,,,,
tree_type,f,,,,,,,,,,,,,,
tree_depth_base,3,,,,,,,,,,,,,,
NODE_ID,1,2,3,4,5,6,7,8,9,10,11,12,13,14,15
node_depth,0,1,1,2,2,2,2,3,3,3,3,3,3,3,3
node_type,root,func,func,func,func,func,func,term,term,term,term,term,term,term,term
node_label,-,*,-,*,+,/,-,pl,pw,pl,sl,pl,sl,sw,pw
node_parent,,1,1,2,2,3,3,4,4,5,5,6,6,7,7
node_arity,2,2,2,2,2,2,2,0,0,0,0,0,0,0,0
node_c1,2,4,6,8,10,12,14,,,,,,,,
node_c2,3,5,7,9,11,13,15,,,,,,,,
node_c3,,,,,,,,,,,,,,,
fitness,,,,,,,,,,,,,,,

TREE_ID,47,,,,,,,,,,,,,,
tree_type,f,,,,,,,,,,,,,,
tree_depth_base,3,,,,,,,,,,,,,,
NODE_ID,1,2,3,4,5,6,7,8,9,10,11,12,13,14,15
node_depth,0,1,1,2,2,2,2,3,3,3,3,3,3,3,3
node_type,root,func,func,func,func,func,func,term,term,term,term,term,term,term,term
node_label,*,+,*,/,-,*,+,pw,pl,pw,pl,sw,pl,pl,pl
node_parent,,1,1,2,2,3,3,4,4,5,5,6,6,7,7
node_arity,2,2,2,2,2,2,2,0,0,0,0,0,0,0,0
node_c1,2,4,6,8,10,12,14,,,,,,,,
node_c2,3,5,7,9,11,13,15,,,,,,,,
node_c3,,,,,,,,,,,,,,,
fitness,,,,,,,,,,,,,,,

TREE_ID,48,,,,,,,,,,,,,,
tree_type,f,,,,,,,,,,,,,,
tree_depth_base,3,,,,,,,,,,,,,,
NODE_ID,1,2,3,4,5,6,7,8,9,10,11,12,13,14,15
node_depth,0,1,1,2,2,2,2,3,3,3,3,3,3,3,3
node_type,root,func,func,func,func,func,func,term,term,term,term,term,term,term,term
node_label,+,/,/,+,*,/,-,sl,sl,sw,pl,pw,pl,sl,sl
node_parent,,1,1,2,2,3,3,4,4,5,5,6,6,7,7
node_arity,2,2,2,2,2,2,2,0,0,0,0,0,0,0,0
node_c1,2,4,6,8,10,12,14,,,,,,,,
node_c2,3,5,7,9,11,13,15,,,,,,,,
node_c3,,,,,,,,,,,,,,,
fitness,,,,,,,,,,,,,,,

TREE_ID,49,,,,,,,,,,,,,,
tree_type,f,,,,,,,,,,,,,,
tree_depth_base,3,,,,,,,,,,,,,,
NODE_ID,1,2,3,4,5,6,7,8,9,10,11,12,13,14,15
node_depth,0,1,1,2,2,2,2,3,3,3,3,3,3,3,3
node_type,root,func,func,func,func,func,func,term,term,term,term,term,term,term,term
node_label,/,-,/,/,-,+,+,pl,sw,pw,sw,sw,pw,sl,pl
node_parent,,1,1,2,2,3,3,4,4,5,5,6,6,7,7
node_arity,2,2,2,2,2,2,2,0,0,0,0,0,0,0,0
node_c1,2,4,6,8,10,12,14,,,,,,,,
node_c2,3,5,7,9,11,13,15,,,,,,,,
node_c3,,,,,,,,,,,,,,,
fitness,,,,,,,,,,,,,,,

TREE_ID,50,,,,,,,,,,,,,,
tree_type,f,,,,,,,,,,,,,,
tree_depth_base,3,,,,,,,,,,,,,,
NODE_ID,1,2,3,4,5,6,7,8,9,10,11,12,13,14,15
node_depth,0,1,1,2,2,2,2,3,3,3,3,3,3,3,3
node_type,root,func,func,func,func,func,func,term,term,term,term,term,term,term,term
node_label,/,+,+,/,+,-,/,pl,pl,sw,sw,sw,pl,sl,sw
node_parent,,1,1,2,2,3,3,4,4,5,5,6,6,7,7
node_arity,2,2,2,2,2,2,2,0,0,0,0,0,0,0,0
node_c1,2,4,6,8,10,12,14,,,,,,,,
node_c2,3,5,7,9,11,13,15,,,,,,,,
node_c3,,,,,,,,,,,,,,,
fitness,,,,,,,,,,,,,,,

TREE_ID,51,,,,,,,,,,,,,,
tree_type,f,,,,,,,,,,,,,,
tree_depth_base,3,,,,,,,,,,,,,,
NODE_ID,1,2,3,4,5,6,7,8,9,10,11,12,13,14,15
node_depth,0,1,1,2,2,2,2,3,3,3,3,3,3,3,3
node_type,root,func,func,func,func,func,func,term,term,term,term,term,term,term,term
node_label,/,*,/,+,-,*,-,sl,sw,pw,sl,pw,sl,pl,pl
node_parent,,1,1,2,2,3,3,4,4,5,5,6,6,7,7
node_arity,2,2,2,2,2,2,2,0,0,0,0,0,0,0,0
node_c1,2,4,6,8,10,12,14,,,,,,,,
node_c2,3,5,7,9,11,13,15,,,,,,,,
node_c3,,,,,,,,,,,,,,,
fitness,,,,,,,,,,,,,,,

TREE_ID,52,,,,,,,,,,,,,,
tree_type,f,,,,,,,,,,,,,,
tree_depth_base,3,,,,,,,,,,,,,,
NODE_ID,1,2,3,4,5,6,7,8,9,10,11,12,13,14,15
node_depth,0,1,1,2,2,2,2,3,3,3,3,3,3,3,3
node_type,root,func,func,func,func,func,func,term,term,term,term,term,term,term,term
node_label,/,/,*,-,/,*,+,pw,pl,pw,pl,sl,sw,sl,sw
node_parent,,1,1,2,2,3,3,4,4,5,5,6,6,7,7
node_arity,2,2,2,2,2,2,2,0,0,0,0,0,0,0,0
node_c1,2,4,6,8,10,12,14,,,,,,,,
node_c2,3,5,7,9,11,13,15,,,,,,,,
node_c3,,,,,,,,,,,,,,,
fitness,,,,,,,,,,,,,,,

TREE_ID,53,,,,,,,,,,,,,,
tree_type,f,,,,,,,,,,,,,,
tree_depth_base,3,,,,,,,,,,,,,,
NODE_ID,1,2,3,4,5,6,7,8,9,10,11,12,13,14,15
node_depth,0,1,1,2,2,2,2,3,3,3,3,3,3,3,3
node_type,root,func,func,func,func,func,func,term,term,term,term,term,term,term,term
node_label,+,*,+,/,*,*,/,pw,pl,sl,sw,sw,sl,pl,pw
node_parent,,1,1,2,2,3,3,4,4,5,5,6,6,7,7
node_arity,2,2,2,2,2,2,2,0,0,0,0,0,0,0,0
node_c1,2,4,6,8,10,12,14,,,,,,,,
node_c2,3,5,7,9,11,13,15,,,,,,,,
node_c3,,,,,,,,,,,,,,,
fitness,,,,,,,,,,,,,,,

TREE_ID,54,,,,,,,,,,,,,,
tree_type,f,,,,,,,,,,,,,,
tree_depth_base,3,,,,,,,,,,,,,,
NODE_ID,1,2,3,4,5,6,7,8,9,10,11,12,13,14,15
node_depth,0,1,1,2,2,2,2,3,3,3,3,3,3,3,3
node_type,root,func,func,func,func,func,func,term,term,term,term,term,term,term,term
node_label,+,*,-,/,+,-,*,sl,pw,sw,pl,pl,pl,pw,sw
node_parent,,1,1,2,2,3,3,4,4,5,5,6,6,7,7
node_arity,2,2,2,2,2,2,2,0,0,0,0,0,0,0,0
node_c1,2,4,6,8,10,12,14,,,,,,,,
node_c2,3,5,7,9,11,13,15,,,,,,,,
node_c3,,,,,,,,,,,,,,,
fitness,,,,,,,,,,,,,,,

TREE_ID,55,,,,,,,,,,,,,,
tree_type,f,,,,,,,,,,,,,,
tree_depth_base,3,,,,,,,,,,,,,,
NODE_ID,1,2,3,4,5,6,7,8,9,10,11,12,13,14,15
node_depth,0,1,1,2,2,2,2,3,3,3,3,3,3,3,3
node_type,root,func,func,func,func,func,func,term,term,term,term,term,term,term,term
node_label,/,-,-,-,-,+,+,sw,sw,pl,pw,sl,sw,pl,pw
node_parent,,1,1,2,2,3,3,4,4,5,5,6,6,7,7
node_arity,2,2,2,2,2,2,2,0,0,0,0,0,0,0,0
node_c1,2,4,6,8,10,12,14,,,,,,,,
node_c2,3,5,7,9,11,13,15,,,,,,,,
node_c3,,,,,,,,,,,,,,,
fitness,,,,,,,,,,,,,,,

TREE_ID,56,,,,,,,,,,,,,,
tree_type,f,,,,,,,,,,,,,,
tree_depth_base,3,,,,,,,,,,,,,,
NODE_ID,1,2,3,4,5,6,7,8,9,10,11,12,13,14,15
node_depth,0,1,1,2,2,2,2,3,3,3,3,3,3,3,3
node_type,root,func,func,func,func,func,func,term,term,term,term,term,term,term,term
node_label,*,/,*,-,*,+,*,sl,sw,pw,sl,pl,pl,sw,sw
node_parent,,1,1,2,2,3,3,4,4,5,5,6,6,7,7
node_arity,2,2,2,2,2,2,2,0,0,0,0,0,0,0,0
node_c1,2,4,6,8,10,12,14,,,,,,,,
node_c2,3,5,7,9,11,13,15,,,,,,,,
node_c3,,,,,,,,,,,,,,,
fitness,,,,,,,,,,,,,,,

TREE_ID,57,,,,,,,,,,,,,,
tree_type,f,,,,,,,,,,,,,,
tree_depth_base,3,,,,,,,,,,,,,,
NODE_ID,1,2,3,4,5,6,7,8,9,10,11,12,13,14,15
node_depth,0,1,1,2,2,2,2,3,3,3,3,3,3,3,3
node_type,root,func,func,func,func,func,func,term,term,term,term,term,term,term,term
node_label,/,+,-,/,/,*,-,sw,sl,sw,pl,sl,sl,pw,sl
node_parent,,1,1,2,2,3,3,4,4,5,5,6,6,7,7
node_arity,2,2,2,2,2,2,2,0,0,0,0,0,0,0,0
node_c1,2,4,6,8,10,12,14,,,,,,,,
node_c2,3,5,7,9,11,13,15,,,,,,,,
node_c3,,,,,,,,,,,,,,,
fitness,,,,,,,,,,,,,,,

TREE_ID,58,,,,,,,,,,,,,,
tree_type,f,,,,,,,,,,,,,,
tree_depth_base,3,,,,,,,,,,,,,,
NODE_ID,1,2,3,4,5,6,7,8,9,10,11,12,13,14,15
node_depth,0,1,1,2,2,2,2,3,3,3,3,3,3,3,3
node_type,root,func,func,func,func,func,func,term,term,term,term,term,term,term,term
node_label,-,+,/,+,/,*,/,sl,pw,pw,sw,sw,sl,sw,pl
node_parent,,1,1,2,2,3,3,4,4,5,5,6,6,7,7
node_arity,2,2,2,2,2,2,2,0,0,0,0,0,0,0,0
node_c1,2,4,6,8,10,12,14,,,,,,,,
node_c2,3,5,7,9,11,13,15,,,,,,,,
node_c3,,,,,,,,,,,,,,,
fitness,,,,,,,,,,,,,,,

TREE_ID,59,,,,,,,,,,,,,,
tree_type,f,,,,,,,,,,,,,,
tree_depth_base,3,,,,,,,,,,,,,,
NODE_ID,1,2,3,4,5,6,7,8,9,10,11,12,13,14,15
node_depth,0,1,1,2,2,2,2,3,3,3,3,3,3,3,3
node_type,root,func,func,func,func,func,func,term,term,term,term,term,term,term,term
node_label,*,+,/,+,*,*,+,sl,pl,sw,sw,pl,pw,sl,pw
node_parent,,1,1,2,2,3,3,4,4,5,5,6,6,7,7
node_arity,2,2,2,2,2,2,2,0,0,0,0,0,0,0,0
node_c1,2,4,6,8,10,12,14,,,,,,,,
node_c2,3,5,7,9,11,13,15,,,,,,,,
node_c3,,,,,,,,,,,,,,,
fitness,,,,,,,,,,,,,,,

TREE_ID,60,,,,,,,,,,,,,,
tree_type,f,,,,,,,,,,,,,,
tree_depth_base,3,,,,,,,,,,,,,,
NODE_ID,1,2,3,4,5,6,7,8,9,10,11,12,13,14,15
node_depth,0,1,1,2,2,2,2,3,3,3,3,3,3,3,3
node_type,root,func,func,func,func,func,func,term,term,term,term,term,term,term,term
node_label,+,+,+,-,*,*,-,sl,sw,sl,pl,pl,sw,pl,sw
node_parent,,1,1,2,2,3,3,4,4,5,5,6,6,7,7
node_arity,2,2,2,2,2,2,2,0,0,0,0,0,0,0,0
node_c1,2,4,6,8,10,12,14,,,,,,,,
node_c2,3,5,7,9,11,13,15,,,,,,,,
node_c3,,,,,,,,,,,,,,,
fitness,,,,,,,,,,,,,,,

TREE_ID,61,,,,,,,,,,,,,,
tree_type,f,,,,,,,,,,,,,,
tree_depth_base,3,,,,,,,,,,,,,,
NODE_ID,1,2,3,4,5,6,7,8,9,10,11,12,13,14,15
node_depth,0,1,1,2,2,2,2,3,3,3,3,3,3,3,3
node_type,root,func,func,func,func,func,func,term,term,term,term,term,term,term,term
node_label,/,-,+,*,*,+,/,sw,sl,pw,sl,pw,sl,sw,pw
node_parent,,1,1,2,2,3,3,4,4,5,5,6,6,7,7
node_arity,2,2,2,2,2,2,2,0,0,0,0,0,0,0,0
node_c1,2,4,6,8,10,12,14,,,,,,,,
node_c2,3,5,7,9,11,13,15,,,,,,,,
node_c3,,,,,,,,,,,,,,,
fitness,,,,,,,,,,,,,,,

TREE_ID,62,,,,,,,,,,,,,,
tree_type,f,,,,,,,,,,,,,,
tree_depth_base,3,,,,,,,,,,,,,,
NODE_ID,1,2,3,4,5,6,7,8,9,10,11,12,13,14,15
node_depth,0,1,1,2,2,2,2,3,3,3,3,3,3,3,3
node_type,root,func,func,func,func,func,func,term,term,term,term,term,term,term,term
node_label,*,/,-,/,/,*,+,pl,pw,pl,sw,sl,sw,sl,sl
node_parent,,1,1,2,2,3,3,4,4,5,5,6,6,7,7
node_arity,2,2,2,2,2,2,2,0,0,0,0,0,0,0,0
node_c1,2,4,6,8,10,12,14,,,,,,,,
node_c2,3,5,7,9,11,13,15,,,,,,,,
node_c3,,,,,,,,,,,,,,,
fitness,,,,,,,,,,,,,,,

TREE_ID,63,,,,,,,,,,,,,,
tree_type,f,,,,,,,,,,,,,,
tree_depth_base,3,,,,,,,,,,,,,,
NODE_ID,1,2,3,4,5,6,7,8,9,10,11,12,13,14,15
node_depth,0,1,1,2,2,2,2,3,3,3,3,3,3,3,3
node_type,root,func,func,func,func,func,func,term,term,term,term,term,term,term,term
node_label,+,*,/,+,+,/,/,sw,sw,sl,pl,sw,pw,pw,pw
node_parent,,1,1,2,2,3,3,4,4,5,5,6,6,7,7
node_arity,2,2,2,2,2,2,2,0,0,0,0,0,0,0,0
node_c1,2,4,6,8,10,12,14,,,,,,,,
node_c2,3,5,7,9,11,13,15,,,,,,,,
node_c3,,,,,,,,,,,,,,,
fitness,,,,,,,,,,,,,,,

TREE_ID,64,,,,,,,,,,,,,,
tree_type,f,,,,,,,,,,,,,,
tree_depth_base,3,,,,,,,,,,,,,,
NODE_ID,1,2,3,4,5,6,7,8,9,10,11,12,13,14,15
node_depth,0,1,1,2,2,2,2,3,3,3,3,3,3,3,3
node_type,root,func,func,func,func,func,func,term,term,term,term,term,term,term,term
node_label,/,-,*,*,*,*,/,pw,sw,sw,pw,pw,sw,pl,sl
node_parent,,1,1,2,2,3,3,4,4,5,5,6,6,7,7
node_arity,2,2,2,2,2,2,2,0,0,0,0,0,0,0,0
node_c1,2,4,6,8,10,12,14,,,,,,,,
node_c2,3,5,7,9,11,13,15,,,,,,,,
node_c3,,,,,,,,,,,,,,,
fitness,,,,,,,,,,,,,,,

TREE_ID,65,,,,,,,,,,,,,,
tree_type,f,,,,,,,,,,,,,,
tree_depth_base,3,,,,,,,,,,,,,,
NODE_ID,1,2,3,4,5,6,7,8,9,10,11,12,13,14,15
node_depth,0,1,1,2,2,2,2,3,3,3,3,3,3,3,3
node_type,root,func,func,func,func,func,func,term,term,term,term,term,term,term,term
node_label,+,+,*,*,*,/,+,sw,pw,sw,pl,sw,sw,pl,pw
node_parent,,1,1,2,2,3,3,4,4,5,5,6,6,7,7
node_arity,2,2,2,2,2,2,2,0,0,0,0,0,0,0,0
node_c1,2,4,6,8,10,12,14,,,,,,,,
node_c2,3,5,7,9,11,13,15,,,,,,,,
node_c3,,,,,,,,,,,,,,,
fitness,,,,,,,,,,,,,,,

TREE_ID,66,,,,,,,,,,,,,,
tree_type,f,,,,,,,,,,,,,,
tree_depth_base,3,,,,,,,,,,,,,,
NODE_ID,1,2,3,4,5,6,7,8,9,10,11,12,13,14,15
node_depth,0,1,1,2,2,2,2,3,3,3,3,3,3,3,3
node_type,root,func,func,func,func,func,func,term,term,term,term,term,term,term,term
node_label,+,/,+,-,/,+,/,pw,pw,sw,sw,sl,pw,sw,sw
node_parent,,1,1,2,2,3,3,4,4,5,5,6,6,7,7
node_arity,2,2,2,2,2,2,2,0,0,0,0,0,0,0,0
node_c1,2,4,6,8,10,12,14,,,,,,,,
node_c2,3,5,7,9,11,13,15,,,,,,,,
node_c3,,,,,,,,,,,,,,,
fitness,,,,,,,,,,,,,,,

TREE_ID,67,,,,,,,,,,,,,,
tree_type,f,,,,,,,,,,,,,,
tree_depth_base,3,,,,,,,,,,,,,,
NODE_ID,1,2,3,4,5,6,7,8,9,10,11,12,13,14,15
node_depth,0,1,1,2,2,2,2,3,3,3,3,3,3,3,3
node_type,root,func,func,func,func,func,func,term,term,term,term,term,term,term,term
node_label,+,*,+,*,-,/,*,pw,sw,pl,sl,sl,pw,pl,sw
node_parent,,1,1,2,2,3,3,4,4,5,5,6,6,7,7
node_arity,2,2,2,2,2,2,2,0,0,0,0,0,0,0,0
node_c1,2,4,6,8,10,12,14,,,,,,,,
node_c2,3,5,7,9,11,13,15,,,,,,,,
node_c3,,,,,,,,,,,,,,,
fitness,,,,,,,,,,,,,,,

TREE_ID,68,,,,,,,,,,,,,,
tree_type,f,,,,,,,,,,,,,,
tree_depth_base,3,,,,,,,,,,,,,,
NODE_ID,1,2,3,4,5,6,7,8,9,10,11,12,13,14,15
node_depth,0,1,1,2,2,2,2,3,3,3,3,3,3,3,3
node_type,root,func,func,func,func,func,func,term,term,term,term,term,term,term,term
node_label,*,+,-,-,/,-,*,sl,pl,sl,sl,pw,pl,sl,sw
node_parent,,1,1,2,2,3,3,4,4,5,5,6,6,7,7
node_arity,2,2,2,2,2,2,2,0,0,0,0,0,0,0,0
node_c1,2,4,6,8,10,12,14,,,,,,,,
node_c2,3,5,7,9,11,13,15,,,,,,,,
node_c3,,,,,,,,,,,,,,,
fitness,,,,,,,,,,,,,,,

TREE_ID,69,,,,,,,,,,,,,,
tree_type,f,,,,,,,,,,,,,,
tree_depth_base,3,,,,,,,,,,,,,,
NODE_ID,1,2,3,4,5,6,7,8,9,10,11,12,13,14,15
node_depth,0,1,1,2,2,2,2,3,3,3,3,3,3,3,3
node_type,root,func,func,func,func,func,func,term,term,term,term,term,term,term,term
node_label,+,-,/,/,-,/,-,sw,pw,sl,pl,pw,pw,pl,sw
node_parent,,1,1,2,2,3,3,4,4,5,5,6,6,7,7
node_arity,2,2,2,2,2,2,2,0,0,0,0,0,0,0,0
node_c1,2,4,6,8,10,12,14,,,,,,,,
node_c2,3,5,7,9,11,13,15,,,,,,,,
node_c3,,,,,,,,,,,,,,,
fitness,,,,,,,,,,,,,,,

TREE_ID,70,,,,,,,,,,,,,,
tree_type,f,,,,,,,,,,,,,,
tree_depth_base,3,,,,,,,,,,,,,,
NODE_ID,1,2,3,4,5,6,7,8,9,10,11,12,13,14,15
node_depth,0,1,1,2,2,2,2,3,3,3,3,3,3,3,3
node_type,root,func,func,func,func,func,func,term,term,term,term,term,term,term,term
node_label,-,+,*,-,-,-,-,pw,sl,sw,sw,pl,pl,sw,pw
node_parent,,1,1,2,2,3,3,4,4,5,5,6,6,7,7
node_arity,2,2,2,2,2,2,2,0,0,0,0,0,0,0,0
node_c1,2,4,6,8,10,12,14,,,,,,,,
node_c2,3,5,7,9,11,13,15,,,,,,,,
node_c3,,,,,,,,,,,,,,,
fitness,,,,,,,,,,,,,,,

TREE_ID,71,,,,,,,,,,,,,,
tree_type,f,,,,,,,,,,,,,,
tree_depth_base,3,,,,,,,,,,,,,,
NODE_ID,1,2,3,4,5,6,7,8,9,10,11,12,13,14,15
node_depth,0,1,1,2,2,2,2,3,3,3,3,3,3,3,3
node_type,root,func,func,func,func,func,func,term,term,term,term,term,term,term,term
node_label,-,/,*,-,+,/,*,sw,pw,sl,sw,sl,pw,sl,pl
node_parent,,1,1,2,2,3,3,4,4,5,5,6,6,7,7
node_arity,2,2,2,2,2,2,2,0,0,0,0,0,0,0,0
node_c1,2,4,6,8,10,12,14,,,,,,,,
node_c2,3,5,7,9,11,13,15,,,,,,,,
node_c3,,,,,,,,,,,,,,,
fitness,,,,,,,,,,,,,,,

TREE_ID,72,,,,,,,,,,,,,,
tree_type,f,,,,,,,,,,,,,,
tree_depth_base,3,,,,,,,,,,,,,,
NODE_ID,1,2,3,4,5,6,7,8,9,10,11,12,13,14,15
node_depth,0,1,1,2,2,2,2,3,3,3,3,3,3,3,3
node_type,root,func,func,func,func,func,func,term,term,term,term,term,term,term,term
node_label,*,+,-,+,+,-,+,sw,pw,pw,pl,sl,pl,pl,pl
node_parent,,1,1,2,2,3,3,4,4,5,5,6,6,7,7
node_arity,2,2,2,2,2,2,2,0,0,0,0,0,0,0,0
node_c1,2,4,6,8,10,12,14,,,,,,,,
node_c2,3,5,7,9,11,13,15,,,,,,,,
node_c3,,,,,,,,,,,,,,,
fitness,,,,,,,,,,,,,,,

TREE_ID,73,,,,,,,,,,,,,,
tree_type,f,,,,,,,,,,,,,,
tree_depth_base,3,,,,,,,,,,,,,,
NODE_ID,1,2,3,4,5,6,7,8,9,10,11,12,13,14,15
node_depth,0,1,1,2,2,2,2,3,3,3,3,3,3,3,3
node_type,root,func,func,func,func,func,func,term,term,term,term,term,term,term,term
node_label,*,-,-,*,/,*,/,pl,pw,sw,sw,pl,sl,sl,pw
node_parent,,1,1,2,2,3,3,4,4,5,5,6,6,7,7
node_arity,2,2,2,2,2,2,2,0,0,0,0,0,0,0,0
node_c1,2,4,6,8,10,12,14,,,,,,,,
node_c2,3,5,7,9,11,13,15,,,,,,,,
node_c3,,,,,,,,,,,,,,,
fitness,,,,,,,,,,,,,,,

TREE_ID,74,,,,,,,,,,,,,,
tree_type,f,,,,,,,,,,,,,,
tree_depth_base,3,,,,,,,,,,,,,,
NODE_ID,1,2,3,4,5,6,7,8,9,10,11,12,13,14,15
node_depth,0,1,1,2,2,2,2,3,3,3,3,3,3,3,3
node_type,root,func,func,func,func,func,func,term,term,term,term,term,term,term,term
node_label,+,*,*,/,/,-,*,sw,pw,sl,sl,sl,pl,sw,pl
node_parent,,1,1,2,2,3,3,4,4,5,5,6,6,7,7
node_arity,2,2,2,2,2,2,2,0,0,0,0,0,0,0,0
node_c1,2,4,6,8,10,12,14,,,,,,,,
node_c2,3,5,7,9,11,13,15,,,,,,,,
node_c3,,,,,,,,,,,,,,,
fitness,,,,,,,,,,,,,,,

TREE_ID,75,,,,,,,,,,,,,,
tree_type,f,,,,,,,,,,,,,,
tree_depth_base,3,,,,,,,,,,,,,,
NODE_ID,1,2,3,4,5,6,7,8,9,10,11,12,13,14,15
node_depth,0,1,1,2,2,2,2,3,3,3,3,3,3,3,3
node_type,root,func,func,func,func,func,func,term,term,term,term,term,term,term,term
node_label,+,-,-,*,/,*,/,sl,sl,pl,sl,sw,pw,sl,sl
node_parent,,1,1,2,2,3,3,4,4,5,5,6,6,7,7
node_arity,2,2,2,2,2,2,2,0,0,0,0,0,0,0,0
node_c1,2,4,6,8,10,12,14,,,,,,,,
node_c2,3,5,7,9,11,13,15,,,,,,,,
node_c3,,,,,,,,,,,,,,,
fitness,,,,,,,,,,,,,,,

TREE_ID,76,,,,,,,,,,,,,,
tree_type,f,,,,,,,,,,,,,,
tree_depth_base,3,,,,,,,,,,,,,,
NODE_ID,1,2,3,4,5,6,7,8,9,10,11,12,13,14,15
node_depth,0,1,1,2,2,2,2,3,3,3,3,3,3,3,3
node_type,root,func,func,func,func,func,func,term,term,term,term,term,term,term,term
node_label,*,/,-,+,/,*,*,pw,pw,pw,sl,pl,pw,pw,sl
node_parent,,1,1,2,2,3,3,4,4,5,5,6,6,7,7
node_arity,2,2,2,2,2,2,2,0,0,0,0,0,0,0,0
node_c1,2,4,6,8,10,12,14,,,,,,,,
node_c2,3,5,7,9,11,13,15,,,,,,,,
node_c3,,,,,,,,,,,,,,,
fitness,,,,,,,,,,,,,,,

TREE_ID,77,,,,,,,,,,,,,,
tree_type,f,,,,,,,,,,,,,,
tree_depth_base,3,,,,,,,,,,,,,,
NODE_ID,1,2,3,4,5,6,7,8,9,10,11,12,13,14,15
node_depth,0,1,1,2,2,2,2,3,3,3,3,3,3,3,3
node_type,root,func,func,func,func,func,func,term,term,term,term,term,term,term,term
node_label,-,+,/,/,*,*,/,sl,pw,sw,pl,sl,sw,sl,pw
node_parent,,1,1,2,2,3,3,4,4,5,5,6,6,7,7
node_arity,2,2,2,2,2,2,2,0,0,0,0,0,0,0,0
node_c1,2,4,6,8,10,12,14,,,,,,,,
node_c2,3,5,7,9,11,13,15,,,,,,,,
node_c3,,,,,,,,,,,,,,,
fitness,,,,,,,,,,,,,,,

TREE_ID,78,,,,,,,,,,,,,,
tree_type,f,,,,,,,,,,,,,,
tree_depth_base,3,,,,,,,,,,,,,,
NODE_ID,1,2,3,4,5,6,7,8,9,10,11,12,13,14,15
node_depth,0,1,1,2,2,2,2,3,3,3,3,3,3,3,3
node_type,root,func,func,func,func,func,func,term,term,term,term,term,term,term,term
node_label,*,/,*,*,/,+,-,sl,pl,pw,sw,pl,sw,pw,sl
node_parent,,1,1,2,2,3,3,4,4,5,5,6,6,7,7
node_arity,2,2,2,2,2,2,2,0,0,0,0,0,0,0,0
node_c1,2,4,6,8,10,12,14,,,,,,,,
node_c2,3,5,7,9,11,13,15,,,,,,,,
node_c3,,,,,,,,,,,,,,,
fitness,,,,,,,,,,,,,,,

TREE_ID,79,,,,,,,,,,,,,,
tree_type,f,,,,,,,,,,,,,,
tree_depth_base,3,,,,,,,,,,,,,,
NODE_ID,1,2,3,4,5,6,7,8,9,10,11,12,13,14,15
node_depth,0,1,1,2,2,2,2,3,3,3,3,3,3,3,3
node_type,root,func,func,func,func,func,func,term,term,term,term,term,term,term,term
node_label,-,*,+,+,*,+,+,pw,pw,sw,pw,pw,sl,sl,sw
node_parent,,1,1,2,2,3,3,4,4,5,5,6,6,7,7
node_arity,2,2,2,2,2,2,2,0,0,0,0,0,0,0,0
node_c1,2,4,6,8,10,12,14,,,,,,,,
node_c2,3,5,7,9,11,13,15,,,,,,,,
node_c3,,,,,,,,,,,,,,,
fitness,,,,,,,,,,,,,,,

TREE_ID,80,,,,,,,,,,,,,,
tree_type,f,,,,,,,,,,,,,,
tree_depth_base,3,,,,,,,,,,,,,,
NODE_ID,1,2,3,4,5,6,7,8,9,10,11,12,13,14,15
node_depth,0,1,1,2,2,2,2,3,3,3,3,3,3,3,3
node_type,root,func,func,func,func,func,func,term,term,term,term,term,term,term,term
node_label,/,-,+,*,+,/,-,sl,pw,pw,sw,pl,sw,pw,pw
node_parent,,1,1,2,2,3,3,4,4,5,5,6,6,7,7
node_arity,2,2,2,2,2,2,2,0,0,0,0,0,0,0,0
node_c1,2,4,6,8,10,12,14,,,,,,,,
node_c2,3,5,7,9,11,13,15,,,,,,,,
node_c3,,,,,,,,,,,,,,,
fitness,,,,,,,,,,,,,,,

TREE_ID,81,,,,,,,,,,,,,,
tree_type,f,,,,,,,,,,,,,,
tree_depth_base,3,,,,,,,,,,,,,,
NODE_ID,1,2,3,4,5,6,7,8,9,10,11,12,13,14,15
node_depth,0,1,1,2,2,2,2,3,3,3,3,3,3,3,3
node_type,root,func,func,func,func,func,func,term,term,term,term,term,term,term,term
node_label,*,+,/,*,/,-,/,sl,pl,sw,sw,sl,pl,pw,pw
node_parent,,1,1,2,2,3,3,4,4,5,5,6,6,7,7
node_arity,2,2,2,2,2,2,2,0,0,0,0,0,0,0,0
node_c1,2,4,6,8,10,12,14,,,,,,,,
node_c2,3,5,7,9,11,13,15,,,,,,,,
node_c3,,,,,,,,,,,,,,,
fitness,,,,,,,,,,,,,,,

TREE_ID,82,,,,,,,,,,,,,,
tree_type,f,,,,,,,,,,,,,,
tree_depth_base,3,,,,,,,,,,,,,,
NODE_ID,1,2,3,4,5,6,7,8,9,10,11,12,13,14,15
node_depth,0,1,1,2,2,2,2,3,3,3,3,3,3,3,3
node_type,root,func,func,func,func,func,func,term,term,term,term,term,term,term,term
node_label,*,+,-,*,-,*,/,pw,pl,pl,sl,pl,sw,sw,sw
node_parent,,1,1,2,2,3,3,4,4,5,5,6,6,7,7
node_arity,2,2,2,2,2,2,2,0,0,0,0,0,0,0,0
node_c1,2,4,6,8,10,12,14,,,,,,,,
node_c2,3,5,7,9,11,13,15,,,,,,,,
node_c3,,,,,,,,,,,,,,,
fitness,,,,,,,,,,,,,,,

TREE_ID,83,,,,,,,,,,,,,,
tree_type,f,,,,,,,,,,,,,,
tree_depth_base,3,,,,,,,,,,,,,,
NODE_ID,1,2,3,4,5,6,7,8,9,10,11,12,13,14,15
node_depth,0,1,1,2,2,2,2,3,3,3,3,3,3,3,3
node_type,root,func,func,func,func,func,func,term,term,term,term,term,term,term,term
node_label,/,*,-,*,+,-,-,sl,sw,sl,pl,pw,sw,pw,sl
node_parent,,1,1,2,2,3,3,4,4,5,5,6,6,7,7
node_arity,2,2,2,2,2,2,2,0,0,0,0,0,0,0,0
node_c1,2,4,6,8,10,12,14,,,,,,,,
node_c2,3,5,7,9,11,13,15,,,,,,,,
node_c3,,,,,,,,,,,,,,,
fitness,,,,,,,,,,,,,,,

TREE_ID,84,,,,,,,,,,,,,,
tree_type,f,,,,,,,,,,,,,,
tree_depth_base,3,,,,,,,,,,,,,,
NODE_ID,1,2,3,4,5,6,7,8,9,10,11,12,13,14,15
node_depth,0,1,1,2,2,2,2,3,3,3,3,3,3,3,3
node_type,root,func,func,func,func,func,func,term,term,term,term,term,term,term,term
node_label,*,+,+,/,+,+,-,pl,pl,pl,sw,pw,pl,pl,sl
node_parent,,1,1,2,2,3,3,4,4,5,5,6,6,7,7
node_arity,2,2,2,2,2,2,2,0,0,0,0,0,0,0,0
node_c1,2,4,6,8,10,12,14,,,,,,,,
node_c2,3,5,7,9,11,13,15,,,,,,,,
node_c3,,,,,,,,,,,,,,,
fitness,,,,,,,,,,,,,,,

TREE_ID,85,,,,,,,,,,,,,,
tree_type,f,,,,,,,,,,,,,,
tree_depth_base,3,,,,,,,,,,,,,,
NODE_ID,1,2,3,4,5,6,7,8,9,10,11,12,13,14,15
node_depth,0,1,1,2,2,2,2,3,3,3,3,3,3,3,3
node_type,root,func,func,func,func,func,func,term,term,term,term,term,term,term,term
node_label,-,*,/,*,/,+,/,pl,pw,pw,pw,pw,sl,sl,sw
node_parent,,1,1,2,2,3,3,4,4,5,5,6,6,7,7
node_arity,2,2,2,2,2,2,2,0,0,0,0,0,0,0,0
node_c1,2,4,6,8,10,12,14,,,,,,,,
node_c2,3,5,7,9,11,13,15,,,,,,,,
node_c3,,,,,,,,,,,,,,,
fitness,,,,,,,,,,,,,,,

TREE_ID,86,,,,,,,,,,,,,,
tree_type,f,,,,,,,,,,,,,,
tree_depth_base,3,,,,,,,,,,,,,,
NODE_ID,1,2,3,4,5,6,7,8,9,10,11,12,13,14,15
node_depth,0,1,1,2,2,2,2,3,3,3,3,3,3,3,3
node_type,root,func,func,func,func,func,func,term,term,term,term,term,term,term,term
node_label,*,*,*,-,+,*,/,pl,pl,pw,sw,pw,pw,sl,sw
node_parent,,1,1,2,2,3,3,4,4,5,5,6,6,7,7
node_arity,2,2,2,2,2,2,2,0,0,0,0,0,0,0,0
node_c1,2,4,6,8,10,12,14,,,,,,,,
node_c2,3,5,7,9,11,13,15,,,,,,,,
node_c3,,,,,,,,,,,,,,,
fitness,,,,,,,,,,,,,,,

TREE_ID,87,,,,,,,,,,,,,,
tree_type,f,,,,,,,,,,,,,,
tree_depth_base,3,,,,,,,,,,,,,,
NODE_ID,1,2,3,4,5,6,7,8,9,10,11,12,13,14,15
node_depth,0,1,1,2,2,2,2,3,3,3,3,3,3,3,3
node_type,root,func,func,func,func,func,func,term,term,term,term,term,term,term,term
node_label,/,+,*,*,*,-,/,pl,sw,pl,pl,pw,sw,pl,pl
node_parent,,1,1,2,2,3,3,4,4,5,5,6,6,7,7
node_arity,2,2,2,2,2,2,2,0,0,0,0,0,0,0,0
node_c1,2,4,6,8,10,12,14,,,,,,,,
node_c2,3,5,7,9,11,13,15,,,,,,,,
node_c3,,,,,,,,,,,,,,,
fitness,,,,,,,,,,,,,,,

TREE_ID,88,,,,,,,,,,,,,,
tree_type,f,,,,,,,,,,,,,,
tree_depth_base,3,,,,,,,,,,,,,,
NODE_ID,1,2,3,4,5,6,7,8,9,10,11,12,13,14,15
node_depth,0,1,1,2,2,2,2,3,3,3,3,3,3,3,3
node_type,root,func,func,func,func,func,func,term,term,term,term,term,term,term,term
node_label,*,-,/,*,*,-,-,sl,pl,pw,sw,sl,sw,pl,sw
node_parent,,1,1,2,2,3,3,4,4,5,5,6,6,7,7
node_arity,2,2,2,2,2,2,2,0,0,0,0,0,0,0,0
node_c1,2,4,6,8,10,12,14,,,,,,,,
node_c2,3,5,7,9,11,13,15,,,,,,,,
node_c3,,,,,,,,,,,,,,,
fitness,,,,,,,,,,,,,,,

TREE_ID,89,,,,,,,,,,,,,,
tree_type,f,,,,,,,,,,,,,,
tree_depth_base,3,,,,,,,,,,,,,,
NODE_ID,1,2,3,4,5,6,7,8,9,10,11,12,13,14,15
node_depth,0,1,1,2,2,2,2,3,3,3,3,3,3,3,3
node_type,root,func,func,func,func,func,func,term,term,term,term,term,term,term,term
node_label,*,-,+,+,*,/,*,sw,sl,pl,pl,sw,sl,pl,pw
node_parent,,1,1,2,2,3,3,4,4,5,5,6,6,7,7
node_arity,2,2,2,2,2,2,2,0,0,0,0,0,0,0,0
node_c1,2,4,6,8,10,12,14,,,,,,,,
node_c2,3,5,7,9,11,13,15,,,,,,,,
node_c3,,,,,,,,,,,,,,,
fitness,,,,,,,,,,,,,,,

TREE_ID,90,,,,,,,,,,,,,,
tree_type,f,,,,,,,,,,,,,,
tree_depth_base,3,,,,,,,,,,,,,,
NODE_ID,1,2,3,4,5,6,7,8,9,10,11,12,13,14,15
node_depth,0,1,1,2,2,2,2,3,3,3,3,3,3,3,3
node_type,root,func,func,func,func,func,func,term,term,term,term,term,term,term,term
node_label,/,+,+,-,*,-,-,pw,sl,pw,sl,pw,pw,pl,sl
node_parent,,1,1,2,2,3,3,4,4,5,5,6,6,7,7
node_arity,2,2,2,2,2,2,2,0,0,0,0,0,0,0,0
node_c1,2,4,6,8,10,12,14,,,,,,,,
node_c2,3,5,7,9,11,13,15,,,,,,,,
node_c3,,,,,,,,,,,,,,,
fitness,,,,,,,,,,,,,,,

TREE_ID,91,,,,,,,,,,,,,,
tree_type,f,,,,,,,,,,,,,,
tree_depth_base,3,,,,,,,,,,,,,,
NODE_ID,1,2,3,4,5,6,7,8,9,10,11,12,13,14,15
node_depth,0,1,1,2,2,2,2,3,3,3,3,3,3,3,3
node_type,root,func,func,func,func,func,func,term,term,term,term,term,term,term,term
node_label,*,-,-,/,*,-,+,pl,pl,pw,sl,sl,pl,pl,sw
node_parent,,1,1,2,2,3,3,4,4,5,5,6,6,7,7
node_arity,2,2,2,2,2,2,2,0,0,0,0,0,0,0,0
node_c1,2,4,6,8,10,12,14,,,,,,,,
node_c2,3,5,7,9,11,13,15,,,,,,,,
node_c3,,,,,,,,,,,,,,,
fitness,,,,,,,,,,,,,,,

TREE_ID,92,,,,,,,,,,,,,,
tree_type,f,,,,,,,,,,,,,,
tree_depth_base,3,,,,,,,,,,,,,,
NODE_ID,1,2,3,4,5,6,7,8,9,10,11,12,13,14,15
node_depth,0,1,1,2,2,2,2,3,3,3,3,3,3,3,3
node_type,root,func,func,func,func,func,func,term,term,term,term,term,term,term,term
node_label,+,*,+,*,-,+,+,sl,sl,pw,pl,sl,pw,sl,sl
node_parent,,1,1,2,2,3,3,4,4,5,5,6,6,7,7
node_arity,2,2,2,2,2,2,2,0,0,0,0,0,0,0,0
node_c1,2,4,6,8,10,12,14,,,,,,,,
node_c2,3,5,7,9,11,13,15,,,,,,,,
node_c3,,,,,,,,,,,,,,,
fitness,,,,,,,,,,,,,,,

TREE_ID,93,,,,,,,,,,,,,,
tree_type,f,,,,,,,,,,,,,,
tree_depth_base,3,,,,,,,,,,,,,,
NODE_ID,1,2,3,4,5,6,7,8,9,10,11,12,13,14,15
node_depth,0,1,1,2,2,2,2,3,3,3,3,3,3,3,3
node_type,root,func,func,func,func,func,func,term,term,term,term,term,term,term,term
node_label,/,*,*,/,-,*,+,pl,pl,pl,pw,pw,sw,pl,sw
node_parent,,1,1,2,2,3,3,4,4,5,5,6,6,7,7
node_arity,2,2,2,2,2,2,2,0,0,0,0,0,0,0,0
node_c1,2,4,6,8,10,12,14,,,,,,,,
node_c2,3,5,7,9,11,13,15,,,,,,,,
node_c3,,,,,,,,,,,,,,,
fitness,,,,,,,,,,,,,,,

TREE_ID,94,,,,,,,,,,,,,,
tree_type,f,,,,,,,,,,,,,,
tree_depth_base,3,,,,,,,,,,,,,,
NODE_ID,1,2,3,4,5,6,7,8,9,10,11,12,13,14,15
node_depth,0,1,1,2,2,2,2,3,3,3,3,3,3,3,3
node_type,root,func,func,func,func,func,func,term,term,term,term,term,term,term,term
node_label,-,/,-,+,-,-,*,pl,pw,pw,sl,pw,pl,sw,pl
node_parent,,1,1,2,2,3,3,4,4,5,5,6,6,7,7
node_arity,2,2,2,2,2,2,2,0,0,0,0,0,0,0,0
node_c1,2,4,6,8,10,12,14,,,,,,,,
node_c2,3,5,7,9,11,13,15,,,,,,,,
node_c3,,,,,,,,,,,,,,,
fitness,,,,,,,,,,,,,,,

TREE_ID,95,,,,,,,,,,,,,,
tree_type,f,,,,,,,,,,,,,,
tree_depth_base,3,,,,,,,,,,,,,,
NODE_ID,1,2,3,4,5,6,7,8,9,10,11,12,13,14,15
node_depth,0,1,1,2,2,2,2,3,3,3,3,3,3,3,3
node_type,root,func,func,func,func,func,func,term,term,term,term,term,term,term,term
node_label,*,/,-,*,*,-,*,pw,pl,sl,pl,sl,sl,pl,sw
node_parent,,1,1,2,2,3,3,4,4,5,5,6,6,7,7
node_arity,2,2,2,2,2,2,2,0,0,0,0,0,0,0,0
node_c1,2,4,6,8,10,12,14,,,,,,,,
node_c2,3,5,7,9,11,13,15,,,,,,,,
node_c3,,,,,,,,,,,,,,,
fitness,,,,,,,,,,,,,,,

TREE_ID,96,,,,,,,,,,,,,,
tree_type,f,,,,,,,,,,,,,,
tree_depth_base,3,,,,,,,,,,,,,,
NODE_ID,1,2,3,4,5,6,7,8,9,10,11,12,13,14,15
node_depth,0,1,1,2,2,2,2,3,3,3,3,3,3,3,3
node_type,root,func,func,func,func,func,func,term,term,term,term,term,term,term,term
node_label,*,+,+,*,+,/,-,pl,sw,sw,sl,pw,pw,pl,pl
node_parent,,1,1,2,2,3,3,4,4,5,5,6,6,7,7
node_arity,2,2,2,2,2,2,2,0,0,0,0,0,0,0,0
node_c1,2,4,6,8,10,12,14,,,,,,,,
node_c2,3,5,7,9,11,13,15,,,,,,,,
node_c3,,,,,,,,,,,,,,,
fitness,,,,,,,,,,,,,,,

TREE_ID,97,,,,,,,,,,,,,,
tree_type,f,,,,,,,,,,,,,,
tree_depth_base,3,,,,,,,,,,,,,,
NODE_ID,1,2,3,4,5,6,7,8,9,10,11,12,13,14,15
node_depth,0,1,1,2,2,2,2,3,3,3,3,3,3,3,3
node_type,root,func,func,func,func,func,func,term,term,term,term,term,term,term,term
node_label,+,/,/,-,/,*,+,sl,sl,pl,sw,sl,sl,pl,pw
node_parent,,1,1,2,2,3,3,4,4,5,5,6,6,7,7
node_arity,2,2,2,2,2,2,2,0,0,0,0,0,0,0,0
node_c1,2,4,6,8,10,12,14,,,,,,,,
node_c2,3,5,7,9,11,13,15,,,,,,,,
node_c3,,,,,,,,,,,,,,,
fitness,,,,,,,,,,,,,,,

TREE_ID,98,,,,,,,,,,,,,,
tree_type,f,,,,,,,,,,,,,,
tree_depth_base,3,,,,,,,,,,,,,,
NODE_ID,1,2,3,4,5,6,7,8,9,10,11,12,13,14,15
node_depth,0,1,1,2,2,2,2,3,3,3,3,3,3,3,3
node_type,root,func,func,func,func,func,func,term,term,term,term,term,term,term,term
node_label,+,/,-,*,/,*,+,sl,sl,pw,pl,sl,pw,sw,pl
node_parent,,1,1,2,2,3,3,4,4,5,5,6,6,7,7
node_arity,2,2,2,2,2,2,2,0,0,0,0,0,0,0,0
node_c1,2,4,6,8,10,12,14,,,,,,,,
node_c2,3,5,7,9,11,13,15,,,,,,,,
node_c3,,,,,,,,,,,,,,,
fitness,,,,,,,,,,,,,,,

TREE_ID,99,,,,,,,,,,,,,,
tree_type,f,,,,,,,,,,,,,,
tree_depth_base,3,,,,,,,,,,,,,,
NODE_ID,1,2,3,4,5,6,7,8,9,10,11,12,13,14,15
node_depth,0,1,1,2,2,2,2,3,3,3,3,3,3,3,3
node_type,root,func,func,func,func,func,func,term,term,term,term,term,term,term,term
node_label,*,*,*,+,/,/,/,sw,sw,sl,pw,sl,sw,pw,pw
node_parent,,1,1,2,2,3,3,4,4,5,5,6,6,7,7
node_arity,2,2,2,2,2,2,2,0,0,0,0,0,0,0,0
node_c1,2,4,6,8,10,12,14,,,,,,,,
node_c2,3,5,7,9,11,13,15,,,,,,,,
node_c3,,,,,,,,,,,,,,,
fitness,,,,,,,,,,,,,,,

TREE_ID,100,,,,,,,,,,,,,,
tree_type,f,,,,,,,,,,,,,,
tree_depth_base,3,,,,,,,,,,,,,,
NODE_ID,1,2,3,4,5,6,7,8,9,10,11,12,13,14,15
node_depth,0,1,1,2,2,2,2,3,3,3,3,3,3,3,3
node_type,root,func,func,func,func,func,func,term,term,term,term,term,term,term,term
node_label,-,*,*,-,*,+,/,sw,pl,sw,sl,sl,pl,pl,sw
node_parent,,1,1,2,2,3,3,4,4,5,5,6,6,7,7
node_arity,2,2,2,2,2,2,2,0,0,0,0,0,0,0,0
node_c1,2,4,6,8,10,12,14,,,,,,,,
node_c2,3,5,7,9,11,13,15,,,,,,,,
node_c3,,,,,,,,,,,,,,,
fitness,,,,,,,,,,,,,,,
